artistes,nb_diffusions,minutes
"Blaiz Fayah, Busy Signal & DJ SEBB",1,4.9
BASTER,1,4.5
"Misié Sadik, Jean-Michel Rotin & Julien DALLE",1,3.8
Shinedown,1,3.8
Jimmy Dévarieux,1,3.6
Nohorai Temaiana,1,3.6
Jeff Le Nerf,1,3.5
Wejdene & Nej,1,3.5
Wizkid & Asake,1,3.2
Maya Kamaty,1,3.1
"Shanel Hill, Tabou Combo & DJ Killerz",1,2.7
Yamê & Adekunle Gold,1,2.7
Gäelle,1,2.5
"Maureen, COLORS",1,2.5
Bad Bunny,1,2.4
"BEAUZ, JKRS & gritney",1,2.3
Ben Bada Boom,1,2.2
T-Matt,1,2.1
Young Chang Mc,1,2.1
Lucky lukee,1,2.0
Mike Kizz,1,0.9
Stony & Kalipsxau,1,
Tiwony & Dexterman,1,
