artistes,titre,nb_diffusions,minutes
BASTER,MON LIBERTé vers. 2007,1,4.5
"BEAUZ, JKRS & gritney",Loco,1,2.3
Bad Bunny,ALAMBRE PúA,1,2.4
Ben Bada Boom,Caipi,1,2.2
"Blaiz Fayah, Busy Signal & DJ SEBB",Take It Easy (feat. Vj Lou),1,4.9
Gäelle,boss up,1,2.5
Jeff Le Nerf,Un p'tit smile (feat. Kalash l'afro),1,3.5
Jimmy Dévarieux,Elle a tout,1,3.6
Lucky lukee,An Sou (feat. Miimii & Le Cus),1,2.0
"Maureen, COLORS",Bend Your Back - (carnaval),1,2.5
Maya Kamaty,TOURNÉ VIRÉ,1,3.1
Mike Kizz,Gyal Anthem,1,0.9
"Misié Sadik, Jean-Michel Rotin & Julien DALLE",VINI ÈVÈ NOU WISH,1,3.8
Nohorai Temaiana,Te rere a pepe,1,3.6
"Shanel Hill, Tabou Combo & DJ Killerz",Tu as volé,1,2.7
Shinedown,special,1,3.8
Stony & Kalipsxau,Souvenirs,1,
T-Matt,Prime,1,2.1
Tiwony & Dexterman,Gwada Paradise,1,
Wejdene & Nej,Baby Boo,1,3.5
Wizkid & Asake,Jogodo,1,3.2
Yamê & Adekunle Gold,On my mind,1,2.7
Young Chang Mc,Bone Aw,1,2.1
