album,artistes,nb
boss up - EP,Gäelle,1
WISH,"Misié Sadik, Jean-Michel Rotin & Julien DALLE",1
Souvenirs - Single,Stony & Kalipsxau,1
Raining,Mike Kizz,1
"REAL, Vol. 1 - EP",Wizkid & Asake,1
Prime - Single,T-Matt,1
On my mind - Single,Yamê & Adekunle Gold,1
Mi,Young Chang Mc,1
Mad Ting 3,"Blaiz Fayah, Busy Signal & DJ SEBB",1
Loco - Single,"BEAUZ, JKRS & gritney",1
Gwada Paradise - Single,Tiwony & Dexterman,1
Glow Up,Wejdene & Nej,1
Elle a tout - Single,Jimmy Dévarieux,1
Dark Green Tape,Jeff Le Nerf,1
DÉMO D'AMOUR,"Shanel Hill, Tabou Combo & DJ Killerz",1
DANN TOURNAN - EP,Maya Kamaty,1
Chillhop Essentials Summer 2021,Ben Bada Boom,1
Arata'i,Nohorai Temaiana,1
An Sou (feat. Miimii & Le Cus) - Single,Lucky lukee,1
ATTENTION ATTENTION,Shinedown,1
